Olivic__Âµ g pleurÃ© en la voyantÂµ frÂµ1,10109187257817E+018Âµ Thu Feb 28 12:08:54 +0000 2019Âµ 
AustriaAlexand3Âµ Disneyland Paris CHEZ BUZZZZZÂµ frÂµ1,10109392167186E+018Âµ Thu Feb 28 12:17:02 +0000 2019Âµ 
FolieDisneyÂµ Â°0Â° Spectacle Marvel Â°0Â°  Ã€ un mois du lancement de la Saison des Super HÃ©ros Marvel, Disneyland Paris partage de nouvelles informations sur le spectacle Lâ€™Alliance des Super HÃ©ros Marvel !  La production fera son...Âµ frÂµ1,10109471915578E+018Âµ Thu Feb 28 12:20:13 +0000 2019Âµ 
niktamerokkÂµ OUIII JLAI VU HIER G FAILLIT LÃ‚CHER UNE LARMEÂµ frÂµ1,10109545056271E+018Âµ Thu Feb 28 12:23:07 +0000 2019Âµ 
a2liiiine_Âµ Jâ€™aimerai  vraiment   vraiment     vraiment       vraiment         vraiment         vraiment        vraiment      vraiment    vraiment  vraiment vraiment vraiment vraiment  vraiment    vraiment      vraiment        vraiment ÃŠtre Ã  Disneyland Paris maintenant ğŸ˜­Âµ frÂµ1,10109659092269E+018Âµ Thu Feb 28 12:27:39 +0000 2019Âµ 
repressit_yupÂµ crÃªpe in front of the princesses show (disneyland paris)!Âµ frÂµ1,10109721324417E+018Âµ Thu Feb 28 12:30:07 +0000 2019Âµ 
UbeiraGÂµ Tu doit chercher a DisneylandÂµ frÂµ1,10109775414156E+018Âµ Thu Feb 28 12:32:16 +0000 2019Âµ 
HORIZONLaRadioÂµ Jusqu'Ã  vendredi soir !Âµ frÂµ1,10109830417428E+018Âµ Thu Feb 28 12:34:27 +0000 2019Âµ 
dauphy72Âµ Wouaw encore de superbe pin's qui sortent en mars et surtout seut de la soirÃ©e spÃ©ciale du 22 mars et les princesses. ğŸ˜  Alors team #pirates ou team #princesses ? Ã  Disneyland ParisÂµ frÂµ1,10109904000617E+018Âµ Thu Feb 28 12:37:23 +0000 2019Âµ 
ChloBouchetÂµ Tellement envie dâ€™aller Ã  DisneylandÂµ frÂµ1,10110188249852E+018Âµ Thu Feb 28 12:48:40 +0000 2019Âµ 
DatLonkÂµ Bonjour je travaille a Disneyland Paris, ton record est battu :DÂµ frÂµ1,1011031938351E+018Âµ Thu Feb 28 12:53:53 +0000 2019Âµ 
SnapchakerÂµ Â«Â Je connais lâ€™AlgÃ©rie... Kamel Daoud exagÃ¨reeÂ Â» Mayssa, depuis sa chambre Ã  Disneyland Paris Â©ï¸Â®ï¸â„¢ï¸  Mtnt que tu es rattrapÃ©e par les faaaaits âœ”ï¸Âµ frÂµ1,10110353853557E+018Âµ Thu Feb 28 12:55:15 +0000 2019Âµ 
KillianMaconÂµ Jâ€™vous dÃ©teste.Âµ frÂµ1,10110452648296E+018Âµ Thu Feb 28 12:59:11 +0000 2019Âµ 
FolieDisneyÂµ Â°0Â° Promenade PrinciÃ¨re Â°0Â° Retrouvez tous les jours jusqu'au 17 mars 2019, Princesses Sofia et Elena D'Avalor lors de la promenade princiÃ¨re Ã  Disneyland Paris. 11h45 / 13h00 / 13h45 #disneylandParisÂµ frÂµ1,10110453764395E+018Âµ Thu Feb 28 12:59:13 +0000 2019Âµ 
catanemoneÂµ je viens de me rappeler que je suis toujours pas aller Ã  disneyland et du coup faudrait que jle fasse dâ€™ici 2020ğŸ¤¦ğŸ½â€â™€ï¸Âµ frÂµ1,10110559367324E+018Âµ Thu Feb 28 13:03:25 +0000 2019Âµ 
catanemoneÂµ emmene moi Ã  disneyland mamanÂµ frÂµ1,10110564317861E+018Âµ Thu Feb 28 13:03:37 +0000 2019Âµ 
lisalimeee07Âµ elle me donne envie de pleurer Ã  chaque fois ğŸ˜Âµ frÂµ1,10110606464747E+018Âµ Thu Feb 28 13:05:18 +0000 2019Âµ 
TheRaven2019Âµ Et vous, avez-vous un pan de votre collection dÃ©diÃ© au manoir ? Pour ma part, lorsque j'ai vu la nouvelle gamme de pins de l'attraction proposÃ©e par Disneyland Paris je n'ai pas pu rÃ©sister !  Partagez nous en commentaires des photos de vos trÃ©sorsÂµ frÂµ1,10110689563977E+018Âµ Thu Feb 28 13:08:36 +0000 2019Âµ 
ThibauldEnfroyÂµ Retrouver son hÃ©ros Ã  juste la meilleure pub de l'annÃ©e ! #DonaldDuckÂµ frÂµ1,10110702843138E+018Âµ Thu Feb 28 13:09:07 +0000 2019Âµ 
djobane_djoÂµ Qui connais des gens qui travaillent Ã  Disneyland?  Ou Ã  des bon plans?Âµ frÂµ1,1011094807864E+018Âµ Thu Feb 28 13:18:52 +0000 2019Âµ 
marienilgulÂµ La pub pour Disneyland je lâ€™ai vu des milliards de fois mais je pleure toujours autantÂµ frÂµ1,10111004593107E+018Âµ Thu Feb 28 13:21:07 +0000 2019Âµ 
kikuno29Âµ Parc AstÃ©rix&gt;&gt;&gt;&gt;&gt;&gt;&gt;&gt;&gt;&gt;&gt;&gt;&gt;&gt;DisneylandÂµ frÂµ1,10111087195317E+018Âµ Thu Feb 28 13:24:24 +0000 2019Âµ 
clemmmentlsn1Âµ les gars demain disneyland est gratuit Ã§a vous dit on sÃ¨che???Âµ frÂµ1,10111159245489E+018Âµ Thu Feb 28 13:27:15 +0000 2019Âµ 
YuuxinwoÂµ Eh a defaut d'acheter des places pour bts demain, jvais a disneylandÂµ frÂµ1,10112090434244E+018Âµ Thu Feb 28 14:04:16 +0000 2019Âµ 
FolieDisneyÂµ Â°0Â° Pirates et Princesses Â°0Â° Betty Rose et Jimmy Ocean se dÃ©fient en battle avec leurs Ã©quipes tous les jours Ã  Disneyland Paris dans Pirates et Princesses : Ã  la croisÃ©e des chemins ;)  #TeamPirates et #TeamPrincesses.Âµ frÂµ1,1011239101066E+018Âµ Thu Feb 28 14:16:12 +0000 2019Âµ 
AillerieVÂµ vous avez quoi Ã  tous aller Ã  Disneyland en ce momentÂµ frÂµ1,10113054812112E+018Âµ Thu Feb 28 14:42:35 +0000 2019Âµ 
LieNinaÂµ Â«Â - Jâ€™ai tellement besoin de vacances. - Moi aussi. - ...Claire, tu as littÃ©ralement passÃ© les deux derniers mois Ã  Disneyland !Â Â»  Jâ€™ai une collÃ¨gue qui a hÃ¢te que je revienne au bureau.Âµ frÂµ1101142737225695232Âµ Thu Feb 28 15:31:01 +0000 2019Âµ 
tonkinbhdÂµ POUAAAAKDLZLSKS IL A DIT Tâ€™AS DEJA VU DES TOURISTES CHINOIS ALLER A DISNEYLAND SANS APPAREIL PHOTOÂµ frÂµ1101145444925800448Âµ Thu Feb 28 15:41:47 +0000 2019Âµ 
carlamargauxÂµ LES PETITS POTES JE VAIS Ã€ DISNEYLAND AUJOURDâ€™HUI Jâ€™AI TROP HÃ‚TE OMGÂµ frÂµ1101145670369439744Âµ Thu Feb 28 15:42:40 +0000 2019Âµ 
GossipRoomOffÂµ Ce ciel rend Disneyland Paris encore plus magique ğŸ˜ğŸ°âœ¨Âµ frÂµ1101147083308965888Âµ Thu Feb 28 15:48:17 +0000 2019Âµ 
amandine_mschtÂµ mooohh, la pub de disneyland avec le petit canard ğŸ¥ºğŸ¥ºğŸ¥ºâ¤ï¸Âµ frÂµ1101147245519560706Âµ Thu Feb 28 15:48:56 +0000 2019Âµ 
camillebre__Âµ jâ€™ai trop envie de retourner Ã  disneyland ğŸ¤§â¤ï¸Âµ frÂµ1101148219931791361Âµ Thu Feb 28 15:52:48 +0000 2019Âµ 
FolieDisneyÂµ Â°0Â° Ambassadeurs Disneyland Paris Â°0Â° â€œYo-Ho a Pirateâ€™s life for usâ€ ! Ã€ lâ€™occasion de la sortie du livre 'Pirates of the Caribbean â€“ Un trÃ©sor dâ€™attraction' dans quelques boutiques de Disneyland Paris, les...Âµ frÂµ1101152133787893760Âµ Thu Feb 28 16:08:21 +0000 2019Âµ 
